plot,mean_wt_c,total_cover,total_richness,year
F5,8.961904761904762,105,10,1979
I5,8.901515151515152,132,13,2020
I3,8.81578947368421,114,8,2020
E14,8.805194805194805,77,16,1979
C11,8.78888888888889,90,12,1984
F5,8.787234042553191,141,13,1995
G5,8.755102040816327,147,18,1995
F5,8.708333333333334,120,13,1981
E14,8.660377358490566,106,16,1980
B6,8.545454545454545,110,11,1979
E6,8.542553191489361,94,11,2020
G5,8.531428571428572,175,13,2020
F15,8.48611111111111,144,19,1995
G5,8.432835820895523,201,11,1984
E14,8.382513661202186,183,17,1995
J7,8.376712328767123,146,9,2020
E14,8.304347826086957,115,19,1981
B6,8.297297297297296,148,12,1982
D5,8.296,125,15,1987
E14,8.26,100,18,1982
F4,8.258278145695364,151,19,1987
G5,8.25301204819277,83,12,1979
D5,8.244897959183673,98,18,1982
I3,8.204545454545455,88,10,2005
F5,8.196078431372548,102,13,1982
D16,8.191489361702128,141,14,1984
G5,8.185185185185185,54,14,2005
G5,8.184782608695652,92,13,1980
C16,8.154838709677419,155,12,1984
G2,8.1466666666666665,75,12,2005
E13,8.136986301369863,73,18,1982
G6,8.10909090909091,165,12,1984
E13,8.084745762711865,59,18,2005
G5,8.075268817204302,93,15,1981
D5,8.048780487804878,82,17,1981
I9,8.034883720930232,86,13,2020
I3,8.026455026455027,189,9,1984
G5,8.025974025974026,77,14,1982
J6,8.021097046413502,237,16,1987
G7,8.01834862385321,109,9,1984
F6,8,152,16,1995
I3,7.979381443298969,194,15,1995
D5,7.953846153846154,130,15,1984
F5,7.952941176470588,85,11,2005
F5,7.947368421052632,57,10,1980
D3,7.9298245614035086,114,13,2020
I3,7.922480620155039,129,17,1982
I5,7.919642857142857,112,17,1982
F6,7.8969696969696965,165,13,1987
G5,7.896713615023474,213,17,1987
C2,7.894736842105263,76,16,2005
D5,7.886666666666667,150,18,1995
E14,7.87192118226601,203,20,1987
E3,7.871559633027523,109,14,2020
D5,7.869230769230769,130,12,2005
C6,7.867704280155642,257,17,1987
I5,7.842592592592593,108,16,1979
I4,7.821428571428571,112,19,1982
I6,7.818181818181818,99,15,2020
E13,7.813253012048193,166,15,1987
D16,7.804347826086956,92,16,1981
G6,7.78421052631579,190,17,1987
J6,7.766467065868263,167,17,1995
E2,7.761904761904762,147,10,1987
I5,7.760683760683761,117,17,1980
I5,7.760683760683761,117,17,1981
C6,7.75,116,19,1980
I4,7.727777777777778,180,12,1984
G6,7.7214285714285715,140,16,1995
I6,7.696629213483146,89,17,1982
C6,7.65,120,17,2005
D3,7.639097744360902,133,12,2005
E14,7.633540372670807,161,16,1984
G4,7.625,112,20,1981
I6,7.62406015037594,133,11,1984
E2,7.6235294117647054,85,17,1980
C6,7.6063829787234045,94,22,1982
C7,7.605263157894737,190,19,1995
B7,7.587786259541985,131,13,1980
J7,7.56989247311828,93,12,2005
G2,7.564971751412429,177,14,1995
E13,7.5607476635514015,107,14,1995
C2,7.557894736842106,95,13,1987
G4,7.552238805970149,134,19,1987
C6,7.504854368932039,103,18,1979
F15,7.483870967741935,186,17,1987
E4,7.475177304964539,141,10,2005
B6,7.467105263157895,152,12,1980
D1,7.463414634146342,41,13,2005
I6,7.462068965517242,145,17,1995
F4,7.457142857142857,70,19,1982
H9,7.456521739130435,46,12,2005
G3,7.451612903225806,124,16,1981
D7,7.441471571906354,299,19,1987
D15,7.435406698564593,209,16,1987
I6,7.420289855072464,69,12,2005
B6,7.419540229885057,174,17,1981
F14,7.412935323383085,201,16,1987
F4,7.349206349206349,126,11,2020
G3,7.333333333333333,111,16,1980
E3,7.333333333333333,189,14,1987
D5,7.318181818181818,88,15,1979
C11,7.3023255813953485,172,18,1987
D5,7.28,175,10,2020
I3,7.26605504587156,109,10,1979
F4,7.247311827956989,93,18,1981
F14,7.228813559322034,118,15,1995
C6,7.225806451612903,93,20,1981
E13,7.224719101123595,89,19,1980
E2,7.223529411764706,170,16,1995
D5,7.214285714285714,98,16,1980
G1,7.213333333333333,75,16,2020
J5,7.207207207207207,111,17,1982
G3,7.207142857142857,140,14,1979
G7,7.196428571428571,168,17,1987
C2,7.194444444444445,72,17,1980
J8,7.1891891891891895,74,18,1981
B6,7.180722891566265,166,19,1995
E2,7.170731707317073,82,16,1979
C22,7.170329670329671,182,18,1987
E2,7.170212765957447,94,19,1982
F4,7.166666666666667,96,21,2005
F6,7.159090909090909,132,11,1984
I5,7.158536585365853,82,11,2005
D2,7.1584158415841586,101,18,2020
H7,7.151515151515151,66,13,2005
B7,7.136363636363637,264,19,1987
B5,7.126760563380282,142,18,1995
C1,7.121212121212121,66,13,2020
E13,7.115384615384615,104,21,1981
I5,7.113636363636363,220,14,1987
F3,7.111111111111111,144,17,1995
F14,7.111111111111111,81,15,2005
G4,7.106060606060606,66,14,2005
D13,7.088709677419355,124,16,1995
I3,7.087378640776699,103,10,1980
F4,7.086956521739131,138,17,1980
G4,7.083333333333333,108,17,1979
C11,7.0790960451977405,177,17,1995
G6,7.076923076923077,78,16,1982
E12,7.076190476190476,105,17,2005
D1,7.076086956521739,92,14,1995
C16,7.072164948453608,97,21,1982
J6,7.060344827586207,116,14,1982
J8,7.054347826086956,92,14,1979
D14,7.053691275167785,149,20,1984
G8,7.052356020942408,191,16,1984
G8,7.044585987261146,157,19,1995
F4,7.03960396039604,101,15,1979
C1,7.037037037037037,81,12,2005
J4,7.036036036036036,222,15,1984
B5,7.032467532467533,154,15,1980
I9,7.027027027027027,37,11,2005
G4,7.02112676056338,142,21,1980
D1,7.02020202020202,99,15,1987
F5,7.017647058823529,170,24,1987
C18,7.012345679012346,81,18,1979
C5,7.011494252873563,87,14,2020
D22,7,60,1,1979
K3,7,85,1,1979
D22,7,60,1,1980
G4,7,84,20,1982
F13,6.992647058823529,136,12,1984
B2,6.991869918699187,123,13,1987
E7,6.9801324503311255,151,26,1981
D13,6.963470319634703,219,20,1987
D20,6.9625,80,3,1987
B5,6.959595959595959,99,15,1979
C23,6.956521739130435,161,10,1984
G4,6.955555555555556,135,22,1995
I6,6.951612903225806,124,14,1980
J6,6.950819672131147,61,16,2005
B5,6.948453608247423,97,17,1982
E4,6.927272727272728,110,15,1979
I7,6.923444976076555,209,13,1987
C7,6.921686746987952,166,23,1979
F2,6.921052631578948,152,20,1995
E7,6.917355371900826,121,21,1979
C7,6.903614457831325,332,22,1987
D22,6.89873417721519,79,2,1982
J5,6.895424836601308,153,13,1987
E7,6.895287958115183,191,26,1987
J5,6.891891891891892,111,14,1979
F3,6.887931034482759,116,13,2020
C19,6.887640449438202,89,4,1982
F7,6.887096774193548,62,17,1979
I3,6.882978723404255,94,14,1981
D22,6.882352941176471,102,3,1984
F14,6.880434782608695,92,19,1982
E7,6.87719298245614,114,23,1982
H4,6.875,64,9,2005
I6,6.868167202572347,311,17,1987
J6,6.865168539325842,89,12,1980
F14,6.858333333333333,240,16,1984
G3,6.852941176470588,102,14,1982
K3,6.8522727272727275,88,3,1980
D16,6.849624060150376,133,18,1982
H7,6.846715328467154,137,14,1995
C6,6.836538461538462,208,17,2020
D14,6.833333333333333,252,22,1987
E13,6.821917808219178,146,8,1984
D22,6.819277108433735,83,2,1981
D14,6.808988764044944,89,19,1995
G8,6.807228915662651,83,17,1982
F3,6.807228915662651,83,19,2005
D6,6.8,75,16,2005
C7,6.797872340425532,94,20,2005
G16,6.794117647058823,34,13,2005
G8,6.7924528301886795,53,10,2005
I4,6.791666666666667,144,16,1980
C5,6.788461538461538,52,12,2005
B2,6.784,125,15,1995
E15,6.782608695652174,115,19,1995
C13,6.779220779220779,77,12,1981
C20,6.775700934579439,107,3,1984
J5,6.772972972972973,185,10,1984
E4,6.7593984962406015,133,19,1981
F7,6.7555555555555555,90,18,1982
B5,6.747747747747748,111,17,1981
E13,6.747474747474747,99,19,1979
J8,6.7444444444444445,90,15,1980
G6,6.744186046511628,86,17,1979
K3,6.739583333333333,96,4,1982
F7,6.738095238095238,168,15,1995
E20,6.7272727272727275,55,2,1981
G7,6.726315789473684,95,19,1979
C6,6.722222222222222,126,19,1995
E7,6.721649484536083,97,14,2005
K3,6.712643678160919,87,3,1981
E3,6.711538461538462,104,19,2005
J4,6.7114093959731544,149,16,1987
H6,6.707070707070707,99,12,1979
G6,6.7023809523809526,84,17,1981
I8,6.701030927835052,97,18,1979
B1,6.698412698412699,63,17,2005
F14,6.6875,96,17,1981
C7,6.686567164179104,201,27,1981
E2,6.686567164179104,67,20,1981
I6,6.681318681318682,91,14,1981
I3,6.680473372781065,169,18,1987
J6,6.680412371134021,97,13,1981
C7,6.679611650485437,206,13,1984
G8,6.679245283018868,106,18,1981
F6,6.67816091954023,87,11,1982
G3,6.673267326732673,202,16,1987
E2,6.666666666666667,78,15,2005
D3,6.664948453608248,194,16,1987
F7,6.656488549618321,131,19,1981
D21,6.653061224489796,98,3,1984
I7,6.65,100,12,2020
D18,6.647058823529412,68,2,1982
G8,6.644444444444445,90,13,2020
I5,6.631944444444445,144,11,1984
F16,6.630252100840337,119,12,1995
C2,6.627659574468085,94,18,1982
C4,6.619047619047619,168,14,1984
C6,6.617486338797814,183,17,1984
E16,6.606796116504855,206,14,1987
D18,6.605263157894737,114,2,1984
E20,6.586206896551724,58,2,1980
D15,6.574074074074074,108,19,1995
J6,6.571428571428571,77,12,1979
C12,6.570422535211268,142,11,1984
G9,6.565217391304348,69,19,1979
D19,6.565217391304348,69,3,1981
C19,6.560975609756097,82,5,1980
J10,6.56,75,16,2020
G7,6.556603773584905,106,21,1982
J5,6.556291390728477,151,16,1980
E21,6.547826086956522,115,4,1984
K7,6.545454545454546,110,19,1980
E13,6.544776119402985,134,17,2020
E1,6.540229885057471,87,16,2005
K5,6.534653465346534,101,17,1980
G4,6.534351145038168,131,11,1984
J8,6.533898305084746,118,17,1982
B2,6.5285714285714285,70,16,2005
D15,6.527027027027027,148,15,1984
D19,6.526315789473684,95,2,1984
E6,6.522875816993464,153,10,2005
C16,6.520710059171598,169,19,1987
D18,6.517241379310345,58,4,1980
C18,6.51685393258427,89,24,1981
J4,6.516393442622951,122,20,1982
D19,6.514705882352941,68,3,1980
E7,6.51304347826087,115,18,1995
H9,6.504424778761062,113,14,2020
D2,6.503875968992248,129,18,1995
F14,6.503759398496241,133,13,2020
C23,6.5,18,5,2005
G8,6.488888888888889,90,16,1979
F4,6.4879518072289155,166,18,1984
C2,6.486486486486487,74,19,1981
D7,6.483050847457627,118,14,2005
H5,6.482352941176471,85,12,2020
G3,6.482014388489208,139,12,2005
C19,6.478260869565218,92,4,1981
G4,6.476190476190476,126,17,2020
I5,6.47191011235955,178,15,1995
C5,6.464088397790055,181,20,1987
F4,6.462121212121212,132,20,1995
C18,6.456521739130435,92,23,1980
F11,6.451388888888889,144,19,1987
F14,6.444444444444445,99,18,1979
I8,6.435185185185185,108,19,1982
D17,6.433070866141732,127,7,1984
D14,6.428571428571429,77,15,2005
G6,6.4222222222222225,90,15,1980
F5,6.421875,64,13,2020
C13,6.417910447761194,67,12,1982
E4,6.416107382550336,149,17,1980
F7,6.4147727272727275,176,18,1980
B19,6.412213740458015,131,12,2020
C11,6.411347517730497,141,19,1981
F11,6.401129943502825,177,18,1995
E12,6.4,125,15,1980
C2,6.396551724137931,116,18,1995
C1,6.395833333333333,96,14,1995
C13,6.3875,80,12,1980
F2,6.380530973451328,113,14,1987
E14,6.3776223776223775,143,13,2005
E7,6.3768115942028984,138,22,1980
D19,6.37037037037037,81,3,1979
I7,6.365714285714286,175,16,1995
I7,6.3603238866396765,247,10,1984
E12,6.352941176470588,85,17,1982
I10,6.3478260869565215,92,16,2020
K5,6.345679012345679,81,17,1981
G3,6.345588235294118,136,15,2020
C21,6.345132743362832,113,8,2005
C18,6.3375,80,24,1982
H6,6.33,100,12,1982
I7,6.329411764705882,85,18,1982
J8,6.329411764705882,85,9,2020
C7,6.325714285714286,175,23,1980
K5,6.324675324675325,77,16,1979
G8,6.323170731707317,164,21,1987
B6,6.319230769230769,260,17,1987
I8,6.31404958677686,121,18,1981
I10,6.312925170068027,147,19,1987
E21,6.3076923076923075,52,3,1981
J5,6.299145299145299,117,18,1981
C12,6.295238095238095,105,13,1981
C19,6.293103448275862,58,5,1979
D13,6.282828282828283,99,16,2005
H5,6.274390243902439,164,14,1995
J4,6.273684210526316,95,15,2005
C16,6.2727272727272725,99,13,2005
F15,6.27027027027027,111,21,1980
J4,6.263565891472868,129,18,1979
I8,6.260416666666667,96,17,1980
C23,6.260355029585799,169,14,1995
F3,6.256578947368421,152,16,1980
K6,6.255813953488372,86,16,1981
C2,6.253333333333333,75,13,1979
D12,6.251336898395722,187,17,1987
F3,6.25,160,19,1979
E20,6.25,80,2,1982
C19,6.25,72,5,1995
D2,6.247311827956989,93,15,1979
E11,6.244897959183674,196,15,1987
G8,6.24,100,17,1980
B1,6.235294117647059,51,11,2020
G2,6.23015873015873,126,18,2020
B7,6.229166666666667,144,13,1982
I8,6.227848101265823,158,8,2005
D19,6.2265625,128,4,1987
D18,6.222222222222222,81,5,1981
I7,6.222222222222222,99,12,2005
B13,6.221818181818182,275,18,1987
C17,6.220779220779221,77,9,1984
C3,6.220338983050848,118,12,2005
F17,6.219512195121951,82,10,2005
E21,6.217391304347826,69,4,1979
I4,6.214285714285714,70,13,2005
I4,6.213270142180095,211,16,1987
B20,6.2125,160,8,2020
C16,6.211111111111111,90,18,1981
G3,6.207729468599034,207,13,1995
B7,6.197080291970803,137,12,1979
D7,6.196969696969697,132,19,1995
E14,6.194805194805195,154,18,2020
E4,6.193181818181818,88,20,1982
F7,6.192139737991266,229,24,1987
G9,6.191489361702128,94,24,1981
E21,6.181818181818182,55,3,1982
H3,6.17948717948718,78,16,2005
F15,6.178343949044586,157,17,1984
D3,6.178217821782178,101,16,1981
E2,6.176470588235294,136,17,2020
D16,6.174863387978142,183,22,1987
G9,6.172839506172839,81,21,1982
F14,6.168067226890757,119,18,1980
C11,6.166666666666667,114,12,1979
G3,6.163157894736842,190,18,1984
J2,6.161764705882353,68,9,2005
J4,6.157894736842105,95,18,2020
E21,6.1571428571428575,70,4,1980
J7,6.151515151515151,99,18,1982
D16,6.1454545454545455,110,15,1980
J4,6.141791044776119,134,18,1980
F9,6.141361256544503,191,10,1984
C7,6.141025641025641,156,24,1982
B7,6.1373390557939915,233,19,1995
D3,6.133689839572193,187,19,1995
J7,6.124183006535947,153,15,1995
B2,6.123595505617978,89,17,1981
I6,6.121951219512195,82,13,1979
C16,6.120481927710843,83,19,1980
C19,6.1171875,128,4,1984
F15,6.105263157894737,95,23,1982
D11,6.105263157894737,133,14,2005
H5,6.092783505154639,97,12,2005
K7,6.091954022988506,87,20,1981
C23,6.090909090909091,110,15,1979
J4,6.084967320261438,153,20,1995
G9,6.08080808080808,99,21,1980
B6,6.071129707112971,239,14,1984
D19,6.070422535211268,71,3,1982
D9,6.068493150684931,73,3,1979
C3,6.067226890756302,119,19,1995
G7,6.060185185185185,216,22,1980
L2,6.058139534883721,86,6,1984
D14,6.056451612903226,124,23,1981
G9,6.047058823529412,85,13,2005
J4,6.045045045045045,111,20,1981
E4,6.041916167664671,167,19,1995
G2,6.035398230088496,113,10,1987
E12,6.035242290748899,227,18,1987
E9,6.033783783783784,148,6,1984
L3,6.033333333333333,60,7,1981
J11,6.032258064516129,62,12,2005
C7,6.026490066225166,151,19,2020
D9,6.023255813953488,129,5,1984
H1,6.020833333333333,48,17,2005
D9,6.01123595505618,89,3,1980
E20,6,75,2,1979
D22,6,141,7,1987
D20,6,100,5,2005
G9,6,111,11,2020
C23,5.996428571428571,280,13,1987
H7,5.994413407821229,179,15,1987
G2,5.991869918699187,123,16,1984
E12,5.991304347826087,115,14,1979
K6,5.990654205607477,107,17,1982
D6,5.988888888888889,90,14,2020
B7,5.98639455782313,147,17,1981
I4,5.985915492957746,71,13,1979
D21,5.985611510791367,139,8,1987
D6,5.982608695652174,115,20,1995
E3,5.980769230769231,156,19,1995
E17,5.979310344827586,145,15,1984
C2,5.978102189781022,137,21,2020
E3,5.974137931034483,116,17,1982
B9,5.961538461538462,26,3,2005
D9,5.957746478873239,71,4,1981
F11,5.957446808510638,47,12,1979
G9,5.956834532374101,139,18,1984
C13,5.9523809523809526,63,9,1979
H10,5.948275862068965,116,12,2020
I1,5.947368421052632,57,7,2020
E8,5.944444444444445,90,5,1981
H5,5.942622950819672,122,13,1981
D13,5.94,100,21,1982
H5,5.932584269662922,89,15,1982
J5,5.9298245614035086,114,13,2020
E22,5.92638036809816,163,7,1984
E8,5.914634146341464,82,4,1979
B9,5.913461538461538,104,4,1984
L3,5.913043478260869,69,6,1980
C21,5.912280701754386,114,6,2020
D2,5.911764705882353,68,20,2005
E7,5.909090909090909,99,20,1984
G16,5.90566037735849,53,14,2020
C9,5.904761904761905,21,2,2020
E11,5.901234567901234,81,21,1982
K6,5.9,90,15,1979
C9,5.9,110,4,1984
K6,5.897321428571429,224,18,1984
K7,5.894736842105263,57,16,1979
J6,5.890625,192,13,1984
C5,5.890510948905109,137,24,1995
B9,5.88785046728972,107,4,1982
B9,5.88785046728972,107,4,1987
H3,5.887179487179488,195,15,1987
D7,5.885869565217392,184,17,1984
E15,5.885714285714286,140,25,1987
K2,5.879518072289157,83,3,1979
D3,5.877358490566038,106,17,1982
E8,5.876288659793815,97,4,1980
E9,5.875,80,3,1980
E9,5.873239436619718,71,3,1979
D6,5.872727272727273,165,12,1984
B9,5.87,100,4,1995
F5,5.864285714285714,140,12,1984
B9,5.857142857142857,91,4,1980
C11,5.856060606060606,132,17,1980
C23,5.855555555555555,90,15,1982
D20,5.8545454545454545,55,3,1982
D16,5.848484848484849,99,18,1979
D6,5.847368421052631,190,15,1987
E3,5.842105263157895,171,10,1984
I7,5.831578947368421,95,17,1979
D18,5.829787234042553,94,3,1979
H9,5.828729281767956,181,27,1995
B2,5.826530612244898,98,16,1980
B4,5.825136612021858,183,11,2020
G9,5.824675324675325,154,20,1987
E7,5.821596244131455,213,16,2020
B2,5.81981981981982,111,16,1979
G20,5.818181818181818,99,3,2020
I10,5.815533980582524,103,17,1995
I1,5.8125,48,9,2005
B2,5.811594202898551,138,9,2020
D20,5.811320754716981,53,3,1979
E16,5.8108108108108105,185,13,1984
D9,5.809523809523809,84,4,1982
C11,5.808333333333334,120,18,1982
F2,5.806818181818182,88,19,2005
D9,5.805555555555555,108,5,1987
E11,5.7975460122699385,163,19,1995
F6,5.795454545454546,88,6,2020
C17,5.787564766839378,193,17,1987
E9,5.785714285714286,70,3,1981
F2,5.785046728971962,107,20,2020
E8,5.782608695652174,115,4,1982
C9,5.781818181818182,110,3,1982
D18,5.780487804878049,123,7,1987
J9,5.780487804878049,123,16,2020
C22,5.779005524861878,181,15,1984
D3,5.776923076923077,130,14,1979
K6,5.771573604060913,197,17,1987
B9,5.767857142857143,56,4,1979
C19,5.763440860215054,93,6,2005
E9,5.756756756756757,111,4,1982
F11,5.756410256410256,78,19,1980
C9,5.75,88,3,1980
L3,5.737704918032787,61,5,1979
E1,5.7368421052631575,114,18,1995
D11,5.735955056179775,178,19,1987
C11,5.735449735449736,189,10,2005
C9,5.73469387755102,98,3,1987
E12,5.734463276836158,177,15,1984
C8,5.732456140350878,228,16,1987
E8,5.7272727272727275,110,9,1987
J8,5.725352112676056,142,21,1995
I4,5.725274725274725,91,17,1981
H7,5.722543352601156,173,17,1984
I8,5.721311475409836,122,13,2020
B9,5.719298245614035,57,4,1981
C22,5.71875,128,15,1980
H5,5.71875,192,12,1984
C9,5.714285714285714,49,3,1979
G7,5.712,125,23,1981
F12,5.711711711711712,111,5,1984
D21,5.711111111111111,45,7,1981
E12,5.710280373831775,107,15,1981
B10,5.701754385964913,57,4,2005
D9,5.6976744186046515,43,5,2005
D2,5.696969696969697,99,16,1982
E2,5.6893939393939394,132,14,1984
D9,5.679245283018868,106,6,1995
D6,5.6761904761904765,105,12,1981
B1,5.6722689075630255,119,19,1995
F6,5.666666666666667,36,10,2005
F13,5.66,100,9,1982
F7,5.657534246575342,73,12,2005
C8,5.656626506024097,166,22,1984
D14,5.653846153846154,104,22,1980
D13,5.652631578947369,95,17,1979
G7,5.652631578947369,95,11,2020
E11,5.64957264957265,117,11,1984
D14,5.649484536082475,97,22,1979
K4,5.645161290322581,93,14,1981
E8,5.636363636363637,55,6,2005
E17,5.6347826086956525,115,16,1979
F9,5.6173913043478265,115,9,1982
C5,5.613636363636363,132,22,1981
G15,5.612903225806452,155,15,2020
F1,5.612676056338028,142,18,1995
E10,5.611940298507463,134,12,1995
C10,5.609756097560975,82,4,1980
F15,5.608695652173913,138,23,1981
D10,5.6068376068376065,117,16,1995
H6,5.6066666666666665,150,12,1980
B18,5.605042016806722,119,15,2005
B16,5.603448275862069,174,22,1987
F3,5.603174603174603,126,19,1981
E6,5.601063829787234,188,19,1987
J7,5.596153846153846,104,19,1981
D10,5.595238095238095,126,13,2020
J5,5.595041322314049,121,14,2005
F15,5.594594594594595,111,19,1979
G7,5.592356687898089,157,13,2005
F1,5.589285714285714,56,14,2005
E1,5.589285714285714,56,12,2020
H7,5.586538461538462,104,16,2020
D2,5.585858585858586,99,17,1981
C20,5.585365853658536,82,10,1982
F11,5.583892617449664,149,12,2005
D4,5.583850931677019,161,11,1984
K4,5.582781456953643,151,10,1987
D15,5.579617834394904,157,21,2005
D14,5.577464788732394,71,13,2020
E9,5.577319587628866,97,6,1995
K5,5.576923076923077,130,10,1984
C10,5.574074074074074,108,4,1982
F13,5.571428571428571,98,9,1979
G15,5.569343065693431,137,17,2005
H5,5.568807339449541,109,13,1979
E16,5.56687898089172,157,20,1981
J7,5.564356435643564,101,16,1979
B20,5.559485530546624,311,8,2005
B4,5.553935860058309,343,33,1987
C13,5.552238805970149,335,27,1995
C10,5.548076923076923,104,6,1984
H2,5.546666666666667,75,17,2005
F6,5.546511627906977,86,15,1981
C17,5.543859649122807,57,15,1995
E4,5.54054054054054,185,13,2020
C17,5.527777777777778,36,10,2005
C2,5.527272727272727,110,12,1984
G21,5.526315789473684,95,3,2020
E4,5.525714285714286,175,19,1987
E9,5.5234375,128,5,1987
E19,5.519685039370079,127,7,1987
E19,5.51948051948052,77,3,1984
K7,5.517699115044247,226,18,1987
B8,5.513888888888889,72,14,1982
C10,5.512820512820513,78,4,1979
G12,5.512,125,9,1984
H5,5.508196721311475,61,10,1987
D10,5.507692307692308,65,15,1979
D11,5.502923976608187,171,17,1984
E16,5.5,94,14,1979
C10,5.5,76,4,1981
D18,5.5,40,2,1995
F16,5.5,80,13,2005
J10,5.5,36,19,2005
C22,5.5,50,7,2020
D3,5.4953271028037385,107,14,1980
D1,5.494252873563219,87,13,2020
D2,5.492063492063492,126,12,1984
B7,5.4916201117318435,179,17,1984
C12,5.48868778280543,221,16,1987
E15,5.488151658767772,211,18,1984
F7,5.483870967741935,124,9,2020
I7,5.48314606741573,89,17,1981
B10,5.48,100,9,1982
F13,5.476190476190476,105,10,1980
B8,5.474654377880184,217,22,1984
C9,5.473684210526316,95,4,1995
D13,5.472727272727273,110,19,1981
K4,5.468468468468468,111,17,1980
D14,5.467391304347826,92,24,1982
D7,5.467391304347826,92,17,1982
E20,5.466666666666667,75,3,2005
B17,5.465909090909091,88,16,1995
H10,5.464516129032258,155,12,1984
H2,5.462686567164179,134,19,1995
E12,5.46078431372549,204,19,1995
G10,5.45662100456621,219,10,1984
B10,5.454545454545454,99,9,1979
C10,5.451923076923077,104,4,2020
F11,5.446601941747573,103,21,1981
L5,5.443396226415095,106,14,1981
J3,5.441988950276243,181,10,1995
C20,5.440860215053763,93,12,1980
D1,5.44,75,20,1982
D17,5.438502673796791,187,17,1987
K2,5.4375,96,4,1980
C5,5.4353741496598635,147,20,1980
E11,5.434210526315789,76,14,1979
H10,5.431818181818182,44,13,2005
D2,5.428571428571429,91,15,1980
G1,5.428571428571429,91,18,2005
J7,5.423809523809524,210,18,1987
J3,5.417218543046357,151,13,1987
F9,5.412162162162162,148,11,1995
F21,5.409090909090909,110,3,2020
C23,5.408602150537634,93,15,1981
D11,5.405940594059406,101,24,1982
E8,5.4033613445378155,119,6,1995
D13,5.403225806451613,124,18,1980
K7,5.4,100,21,1982
F13,5.398148148148148,108,13,1981
H10,5.398148148148148,108,19,1995
E6,5.3977272727272725,88,18,1995
D8,5.397435897435898,156,14,1984
C18,5.394230769230769,208,18,1987
F9,5.394160583941606,137,7,1980
C15,5.393103448275862,145,21,1987
E3,5.3924050632911396,158,17,1980
D10,5.3884297520661155,121,13,1984
G9,5.3875,160,25,1995
J7,5.385245901639344,122,18,1980
D11,5.384615384615385,130,21,1980
H2,5.383333333333334,60,11,2020
H6,5.382978723404255,141,16,1981
E3,5.38,150,15,1979
B16,5.37984496124031,129,20,1982
F9,5.37962962962963,108,7,1979
B5,5.379310344827586,174,12,2005
D16,5.375,88,22,1995
F7,5.370786516853933,178,21,1984
G12,5.369127516778524,149,9,1987
I10,5.363636363636363,55,12,2005
J1,5.362068965517241,116,7,1995
G13,5.36,75,11,1984
J8,5.3580246913580245,81,19,2005
K7,5.355072463768116,138,15,1995
B5,5.351351351351352,111,14,2020
I4,5.34375,160,21,1995
C18,5.342723004694836,213,7,2005
H9,5.341968911917099,193,24,1987
G2,5.338983050847458,59,13,1979
C8,5.338235294117647,136,20,1982
H5,5.335766423357664,137,13,1980
D12,5.335260115606936,173,17,1995
D3,5.333333333333333,105,11,1984
H6,5.328125,64,10,2005
G14,5.326923076923077,52,13,2005
D4,5.325581395348837,86,15,1982
C3,5.325,120,17,2020
D8,5.324742268041237,194,19,1987
D20,5.323529411764706,68,3,1980
D15,5.318181818181818,88,20,1982
C12,5.3130434782608695,115,14,1995
E6,5.3125,80,9,1984
E3,5.312,125,16,1981
L3,5.3076923076923075,65,9,1982
B16,5.306930693069307,101,15,1979
C18,5.300884955752212,113,15,1995
E16,5.2988505747126435,87,20,1995
D12,5.298701298701299,77,17,1982
D11,5.295302013422819,149,18,1995
B13,5.2936507936507935,126,12,2020
B10,5.2924528301886795,106,10,1980
J2,5.2894736842105265,38,6,1984
D1,5.287671232876712,73,10,1984
F12,5.287234042553192,94,5,1982
F8,5.28125,160,19,1995
B13,5.2770562770562774,231,14,1984
F8,5.276729559748428,159,16,1980
B3,5.276073619631902,163,15,2005
F12,5.2700729927007295,137,10,1987
C20,5.26984126984127,126,15,1981
E22,5.269662921348314,89,15,1981
E10,5.260869565217392,69,7,2005
E16,5.260504201680672,119,19,1980
B2,5.260162601626016,123,17,1982
B3,5.258823529411765,170,15,1987
L3,5.258333333333334,120,6,1987
C9,5.25,40,3,1981
F8,5.25,176,19,1981
E11,5.25,76,14,2020
E15,5.247863247863248,117,15,2005
C22,5.2465753424657535,146,16,1981
C16,5.246153846153846,65,15,1979
B10,5.246031746031746,126,14,1987
F16,5.244897959183674,98,15,2020
I7,5.2439024390243905,123,17,1980
C5,5.242290748898679,227,14,1984
C15,5.238993710691824,159,19,1984
H7,5.237288135593221,118,18,1981
B15,5.236641221374046,131,14,1987
D10,5.2356020942408374,191,21,1987
E10,5.234285714285714,175,19,1987
B8,5.231958762886598,194,11,2005
G6,5.2312925170068025,147,11,2005
F10,5.231132075471698,212,22,1995
K3,5.220588235294118,68,4,2005
B10,5.21875,160,7,1984
D15,5.2153846153846155,130,12,2020
B14,5.212903225806452,155,16,1984
D7,5.2100840336134455,119,20,1981
F3,5.204379562043796,137,19,1982
F2,5.198473282442748,131,16,1984
D17,5.19672131147541,61,7,2005
C12,5.1946902654867255,113,15,1982
E4,5.192982456140351,171,11,1984
H1,5.1923076923076925,52,14,2020
G16,5.188405797101449,69,19,1995
G7,5.188340807174888,223,22,1995
C18,5.182539682539683,126,25,1984
F3,5.174242424242424,132,14,1984
B4,5.17351598173516,219,15,1984
G14,5.169811320754717,159,17,1987
E5,5.166666666666667,132,10,1982
E10,5.166666666666667,114,16,2020
C20,5.165413533834586,133,12,1987
J9,5.164835164835165,91,16,2005
I10,5.1647727272727275,176,12,1984
B16,5.162162162162162,111,18,1981
G2,5.151515151515151,66,13,1980
C10,5.151515151515151,33,4,2005
C22,5.1484375,128,18,1982
C5,5.148148148148148,135,21,1979
C1,5.142857142857143,70,12,1979
C10,5.131147540983607,61,8,1995
J6,5.131147540983607,122,14,2020
G1,5.130952380952381,168,18,1995
B3,5.129770992366412,131,19,1995
C20,5.129411764705883,85,8,1979
D8,5.128712871287129,101,12,1979
I8,5.128205128205129,117,9,1995
C13,5.12807881773399,203,21,1987
C22,5.125984251968504,127,14,1979
E5,5.122448979591836,98,11,2005
C21,5.121495327102804,107,17,1995
K6,5.121052631578947,190,20,1995
F15,5.115107913669065,139,16,2020
D7,5.114503816793893,131,15,2020
D9,5.1125,80,5,2020
F9,5.109289617486339,183,11,1987
G15,5.105960264900662,151,16,1995
G14,5.105263157894737,171,12,1984
B12,5.101010101010101,99,13,1982
K5,5.10091743119266,109,18,1982
H8,5.099415204678363,171,12,1980
E12,5.0989010989010985,91,12,2020
D8,5.097560975609756,82,19,1982
G12,5.095238095238095,105,4,1979
K5,5.087837837837838,148,12,1987
A1,5.085427135678392,199,19,1995
B7,5.084745762711864,236,10,2005
E16,5.083969465648855,131,21,1982
E22,5.083333333333333,120,3,2020
F6,5.08,75,7,1980
D11,5.076335877862595,131,23,1981
J1,5.067415730337078,89,10,1982
D6,5.066666666666666,105,11,1979
I11,5.065420560747664,107,16,1982
K6,5.062015503875969,129,15,1980
L5,5.061946902654867,113,13,1980
B16,5.061538461538461,130,15,1980
D10,5.0602409638554215,83,5,2005
F8,5.059259259259259,135,17,1982
F20,5.051724137931035,116,7,1980
H8,5.051724137931035,116,19,1995
B10,5.051020408163265,98,10,1981
C3,5.0476190476190474,105,17,1982
H3,5.045454545454546,88,15,2020
C20,5.043478260869565,161,7,1995
C8,5.043478260869565,138,15,1995
F16,5.0423728813559325,118,10,1984
H6,5.039408866995074,203,11,1984
G10,5.03921568627451,102,9,1979
J10,5.033333333333333,120,23,1995
G12,5.033057851239669,121,7,1995
H8,5.031847133757962,157,12,1982
E9,5.030927835051546,97,4,2005
C1,5.029126213592233,103,13,1980
F9,5.027027027027027,74,8,1981
H7,5.025862068965517,116,17,1979
F20,5.02542372881356,118,8,1981
B19,5.023041474654378,217,22,1987
C24,5.021052631578947,95,7,2005
I9,5.016949152542373,118,13,1995
C14,5.016129032258065,186,21,1987
F11,5.014925373134329,67,17,1982
F6,5.014084507042254,71,7,1979
G10,5.009756097560976,205,18,1987
F2,5.009345794392523,107,24,1981
H9,5.008333333333334,120,22,1982
E6,5,122,10,1981
E20,5,80,1,1984
K3,5,6,3,1984
J3,5,100,6,2005
B3,5,135,7,2020
C17,5,100,1,2020
C19,5,75,1,2020
D17,5,100,1,2020
D22,5,100,1,2020
E21,5,100,2,2020
C22,4.991869918699187,123,17,1995
E6,4.991304347826087,115,8,1979
D15,4.98989898989899,99,18,1980
G12,4.98989898989899,99,6,1982
B12,4.987421383647798,159,18,1995
B12,4.979381443298969,97,11,1979
G11,4.9743589743589745,78,9,1982
G12,4.9734513274336285,113,6,1980
F8,4.971223021582734,139,9,2005
C17,4.970149253731344,67,14,1979
F3,4.969298245614035,228,16,1987
H14,4.969230769230769,65,11,2005
F10,4.963541666666667,192,8,2005
H8,4.963235294117647,136,10,1979
F17,4.961240310077519,129,14,2020
D15,4.96039603960396,101,19,1981
C9,4.956521739130435,115,4,2005
E21,4.95575221238938,113,6,1987
D7,4.954887218045113,133,17,1980
D22,4.952830188679245,106,5,1995
C4,4.9523809523809526,105,15,1979
E11,4.952127659574468,188,15,2005
C3,4.951612903225806,124,14,1987
F19,4.951612903225806,124,6,1995
D21,4.9423076923076925,52,5,2005
C12,4.9411764705882355,102,15,2020
C20,4.9397590361445785,83,8,2005
I2,4.939024390243903,82,12,1982
D6,4.938144329896907,97,13,1982
C12,4.935779816513762,109,11,1979
C14,4.935483870967742,124,11,1984
J2,4.935064935064935,77,4,1995
F10,4.924812030075188,133,9,2020
K4,4.923076923076923,195,8,2005
C10,4.915254237288136,118,8,1987
J7,4.910505836575876,257,14,1984
D12,4.905172413793103,116,12,1984
C20,4.903614457831325,83,2,2020
K5,4.902777777777778,144,13,1995
G10,4.902654867256637,113,14,1981
B22,4.901785714285714,112,18,1987
H6,4.897196261682243,107,16,1995
E8,4.894117647058824,85,9,1984
C17,4.891891891891892,74,20,1981
C15,4.890410958904109,73,23,1982
A1,4.887755102040816,98,17,1984
D12,4.884615384615385,104,16,1979
H4,4.883248730964467,197,17,1987
L4,4.882352941176471,170,9,1984
D1,4.880434782608695,92,19,1980
K4,4.88,75,11,1979
D21,4.88,100,4,1995
H7,4.8768115942028984,138,16,1980
D16,4.875,160,16,2005
G12,4.873015873015873,126,7,1981
C15,4.873015873015873,126,14,2020
E6,4.867256637168142,113,12,1982
G10,4.866666666666666,90,14,1982
C19,4.866666666666666,225,13,1987
F8,4.862857142857143,175,23,1987
C8,4.86144578313253,166,23,1981
C8,4.858156028368795,141,18,1979
D6,4.857142857142857,126,12,1980
C4,4.856060606060606,132,15,1987
C11,4.8559322033898304,118,11,2020
F13,4.849462365591398,93,16,2005
H4,4.847682119205298,151,10,2020
E20,4.846153846153846,65,5,1987
B17,4.844748858447488,219,23,1987
F13,4.843601895734597,211,9,2020
I8,4.842911877394636,261,24,1987
C15,4.839080459770115,87,23,1981
B8,4.838709677419355,93,20,1981
F15,4.836363636363636,165,12,2005
J11,4.8321678321678325,143,7,1987
G14,4.83125,160,16,1980
H7,4.830357142857143,112,17,1982
F20,4.821917808219178,146,8,1987
E6,4.817460317460317,126,11,1980
F20,4.8173076923076925,104,7,1982
C8,4.814516129032258,124,14,2005
C18,4.809523809523809,105,2,2020
D2,4.808510638297872,141,15,1987
G14,4.805882352941176,170,15,2020
C17,4.805555555555555,72,18,1982
B20,4.803921568627451,102,17,1995
F10,4.802631578947368,76,17,1982
K7,4.801075268817204,186,15,1984
C8,4.8,130,11,2020
D22,4.787037037037037,108,5,2005
B14,4.779342723004695,213,28,1987
C4,4.778761061946903,113,11,2005
D10,4.775700934579439,107,23,1980
F10,4.775280898876405,89,13,1979
B15,4.771929824561403,114,5,2005
J11,4.769662921348314,178,11,2020
B4,4.769230769230769,78,12,1979
C1,4.761904761904762,105,11,1987
D15,4.756410256410256,78,17,1979
B16,4.755395683453237,139,11,1995
C4,4.747474747474747,99,19,1982
G14,4.746753246753247,154,19,1995
K7,4.745762711864407,177,12,2005
F8,4.742857142857143,140,11,2020
J3,4.739495798319328,119,16,1982
H9,4.7368421052631575,152,21,1981
K2,4.7368421052631575,57,5,1982
B8,4.728,125,17,1995
C21,4.7272727272727275,110,15,1984
D8,4.724489795918367,98,19,1995
D10,4.723404255319149,94,25,1981
C12,4.722222222222222,144,8,2005
F16,4.718446601941747,103,13,1981
C1,4.71830985915493,71,16,1981
E10,4.716535433070866,127,10,1984
F11,4.716129032258064,155,18,2020
I8,4.714932126696833,221,13,1984
D11,4.714285714285714,98,18,1979
H4,4.714285714285714,98,21,1981
C21,4.711711711711712,111,29,1982
B17,4.707964601769912,113,17,1979
E17,4.704663212435233,193,16,1987
F10,4.702970297029703,101,19,1981
C15,4.7,90,22,1980
B8,4.698630136986301,292,22,1987
D12,4.694656488549619,131,17,2020
D4,4.69,100,15,1981
C3,4.686746987951807,83,9,1984
B12,4.686440677966102,118,13,1980
D4,4.684210526315789,95,14,1979
K12,4.684,250,17,1987
E5,4.679245283018868,106,10,1981
C4,4.677165354330708,127,15,1995
D19,4.673913043478261,92,6,1995
K11,4.670967741935484,155,12,1979
C22,4.670731707317073,164,6,2005
F2,4.67,100,21,1982
K8,4.6689655172413795,145,13,1982
B20,4.666666666666667,201,18,1987
I19,4.653333333333333,75,4,2020
E1,4.6525423728813555,118,12,1984
C23,4.649122807017544,171,13,1980
K8,4.645962732919255,161,7,1995
H4,4.6455696202531644,79,18,1980
E11,4.641025641025641,117,17,1980
G10,4.641025641025641,117,13,1980
B18,4.640287769784172,139,16,1995
D4,4.6347826086956525,115,14,1980
J18,4.634146341463414,123,4,2005
B11,4.628571428571429,140,12,1995
I11,4.628318584070796,113,11,1980
F8,4.626016260162602,123,14,1979
H8,4.625850340136054,147,13,1981
G2,4.6231884057971016,69,16,1981
B10,4.616161616161616,99,7,1995
H8,4.614285714285714,70,11,2005
B13,4.614035087719298,114,18,1982
D7,4.6138613861386135,101,14,1979
H16,4.611111111111111,108,7,2005
G13,4.609589041095891,146,6,1995
B15,4.609375,128,8,1995
C3,4.6075949367088604,79,11,1979
F12,4.605263157894737,114,12,2005
I2,4.604166666666667,96,10,1979
D12,4.60377358490566,106,19,1981
D4,4.598639455782313,147,11,1995
H3,4.597222222222222,144,10,1984
K4,4.5966386554621845,119,10,1995
L4,4.596385542168675,166,9,1987
B18,4.596153846153846,208,16,1987
D1,4.593023255813954,86,23,1981
D19,4.573770491803279,61,7,2005
F20,4.571428571428571,98,7,1995
D17,4.569620253164557,79,11,1995
L4,4.5638297872340425,94,6,1980
G10,4.558620689655172,145,16,1995
B2,4.553571428571429,168,10,1984
C21,4.547738693467337,199,16,1987
J3,4.546296296296297,108,16,1981
I19,4.544444444444444,90,4,2005
I11,4.542553191489362,94,11,1979
H9,4.541353383458647,133,15,1979
D8,4.541176470588235,85,15,1980
G10,4.536082474226804,97,16,2020
G1,4.535714285714286,112,11,1987
B6,4.533980582524272,103,9,2020
E15,4.533898305084746,118,15,2020
C4,4.532608695652174,184,13,2020
B17,4.531468531468532,143,20,1981
B4,4.530434782608696,115,18,1980
F19,4.529411764705882,85,8,2005
D8,4.525974025974026,154,10,2020
B17,4.522935779816514,109,17,1980
B12,4.52054794520548,219,16,1987
G14,4.520325203252033,123,15,1979
B4,4.518518518518518,81,16,1982
B5,4.516666666666667,240,14,1984
H4,4.515527950310559,161,14,1984
D17,4.508196721311475,61,18,1980
C17,4.507042253521127,71,17,1980
K5,4.5,160,8,2005
E20,4.5,100,2,2020
C3,4.495495495495495,111,18,1981
H19,4.484615384615385,130,8,2005
C13,4.484444444444445,225,12,1984
J3,4.471153846153846,104,11,1980
B22,4.4672897196261685,107,16,1981
K9,4.4605263157894735,152,14,1987
C14,4.459770114942529,87,15,1995
D18,4.459183673469388,98,7,2005
H3,4.458064516129032,155,16,1995
B19,4.455882352941177,136,13,1995
H6,4.454545454545454,11,5,1987
D8,4.453703703703703,108,18,1981
B13,4.453237410071942,139,12,2005
D4,4.451219512195122,164,15,1987
K8,4.45,240,18,1984
B11,4.448979591836735,196,17,1987
F16,4.448275862068965,145,18,1987
F21,4.447058823529412,85,7,1980
B11,4.440677966101695,118,8,2005
F1,4.440476190476191,168,16,1987
F9,4.436619718309859,71,7,2005
C12,4.4363636363636365,110,12,1980
D18,4.431034482758621,58,3,2020
E5,4.430939226519337,181,19,1987
C16,4.428571428571429,133,13,2020
B24,4.421052631578948,152,12,1995
D1,4.420454545454546,88,18,1979
H14,4.417721518987341,79,12,2020
F12,4.417391304347826,115,8,1995
E17,4.417021276595745,235,8,2020
J9,4.416107382550336,149,20,1995
H1,4.415254237288136,118,19,1995
C4,4.412844036697248,109,20,1981
H3,4.412371134020619,97,16,1982
C16,4.411764705882353,272,16,1995
J3,4.401960784313726,102,11,1979
B9,4.4,25,3,2020
J9,4.397058823529412,136,12,1984
D17,4.391304347826087,69,22,1982
F11,4.390909090909091,110,10,1984
E18,4.390243902439025,205,16,1984
B17,4.385714285714286,210,9,2005
H19,4.384615384615385,39,8,2020
H8,4.384615384615385,117,16,2020
E17,4.3841807909604515,177,19,1981
E21,4.381578947368421,76,4,2005
H8,4.380952380952381,168,10,1984
J8,4.37987012987013,308,26,1987
F20,4.378640776699029,103,6,1979
C1,4.3764705882352946,85,11,1982
L5,4.372549019607843,102,12,1979
B19,4.366013071895424,153,11,2005
C15,4.365079365079365,63,11,1995
J8,4.3624595469255665,309,20,1984
F21,4.358974358974359,78,7,1979
F20,4.35,100,4,2020
H20,4.3478260869565215,92,7,2005
G6,4.345679012345679,162,11,2020
C5,4.345070422535211,142,22,1982
K6,4.344827586206897,116,10,2005
D17,4.341176470588235,85,20,1981
C8,4.331428571428572,175,19,1980
G14,4.330578512396694,121,22,1982
B14,4.328467153284672,137,19,1980
B16,4.327586206896552,116,12,2020
J2,4.326530612244898,98,16,2020
B14,4.323741007194244,139,22,1981
J3,4.322916666666667,96,7,2020
B8,4.320754716981132,106,10,2020
B12,4.320388349514563,103,9,2020
I12,4.31858407079646,113,10,1980
F2,4.315789473684211,114,18,1979
B16,4.313559322033898,118,6,2005
H4,4.3125,80,19,1982
F19,4.3125,80,4,2020
F21,4.311258278145695,151,7,2005
B21,4.309523809523809,168,12,1987
D21,4.3,100,4,2020
B1,4.298507462686567,67,20,1981
D16,4.296296296296297,189,17,2020
B12,4.294871794871795,156,12,1984
F10,4.2905982905982905,117,18,1980
H9,4.288461538461538,156,17,1984
B13,4.285714285714286,112,16,1979
I11,4.283870967741936,155,13,1987
G10,4.2835820895522385,67,12,2005
I11,4.27906976744186,129,14,1981
J13,4.275590551181103,127,5,2005
K4,4.27,100,18,1982
E5,4.269565217391304,115,10,1980
J2,4.2631578947368425,95,3,1987
G2,4.262626262626263,99,18,1982
C13,4.262295081967213,122,11,2005
I11,4.259740259740259,154,12,1984
B11,4.2592592592592595,135,16,1981
E1,4.253164556962025,79,11,1987
H3,4.247787610619469,113,14,1981
G16,4.247619047619048,105,17,1987
I10,4.2439024390243905,123,21,1982
J1,4.243243243243243,148,9,1987
B21,4.242574257425742,202,15,1984
C1,4.240963855421687,83,8,1984
B16,4.235576923076923,208,14,1984
G11,4.233918128654971,171,10,1995
B19,4.233333333333333,120,16,1981
I4,4.232558139534884,86,9,2020
K11,4.226993865030675,163,18,1980
E1,4.223880597014926,67,18,1981
J10,4.213483146067416,89,19,1982
D21,4.209677419354839,62,5,1982
K9,4.209150326797386,153,10,1984
C3,4.206896551724138,87,14,1980
A12,4.2063492063492065,126,8,1979
G11,4.2063492063492065,63,8,1984
I10,4.206185567010309,97,15,1979
H4,4.204419889502763,181,16,1995
B12,4.198412698412699,126,13,1981
E11,4.194444444444445,108,17,1981
B13,4.188679245283019,106,16,1981
F21,4.188235294117647,85,5,1981
F16,4.1875,96,14,1982
H2,4.186274509803922,102,21,1984
I2,4.181818181818182,77,10,2020
G14,4.1678832116788325,137,18,1981
B11,4.1610738255033555,149,16,1980
B17,4.160714285714286,112,21,1982
J2,4.158536585365853,82,6,1981
F13,4.157303370786517,89,16,1995
K5,4.153846153846154,65,11,2020
C14,4.153061224489796,98,17,1982
E16,4.151515151515151,99,11,2020
F2,4.140740740740741,135,20,1980
H3,4.140495867768595,121,13,1979
K12,4.132183908045977,174,12,1995
K9,4.129213483146067,178,6,1995
D4,4.127659574468085,141,10,2020
K2,4.125,56,4,1981
B18,4.1208791208791204,91,17,1981
B20,4.117647058823529,187,10,1984
K8,4.112903225806452,248,15,1987
D21,4.105263157894737,57,6,1979
D21,4.105263157894737,57,6,1980
E19,4.104166666666667,48,4,1980
E1,4.1,100,19,1982
H10,4.097087378640777,206,16,1987
E1,4.087719298245614,57,14,1979
G15,4.081081081081081,185,17,1987
F21,4.080536912751678,149,4,1984
K11,4.074626865671642,201,20,1987
I2,4.066666666666666,75,7,1995
K12,4.063157894736842,95,13,1979
I10,4.0588235294117645,102,20,1981
B4,4.055555555555555,90,19,1981
G11,4.055045871559633,109,9,1987
K12,4.053097345132743,113,17,1982
F9,4.0476190476190474,126,8,2020
B13,4.046357615894039,151,16,1980
K11,4.043956043956044,182,19,1981
D10,4.042105263157895,95,23,1982
H15,4.040404040404041,99,10,2020
K1,4.037037037037037,81,15,2020
C4,4.03125,128,15,1980
E16,4.024793388429752,242,17,2005
A1,4.023529411764706,85,10,2005
E10,4.020833333333333,96,13,1979
A4,4.013986013986014,143,13,1987
F10,4.010752688172043,93,11,1984
J10,4.008130081300813,123,12,1984
H9,4,181,18,1980
B3,4,211,12,1984
L11,4,109,12,1984
C15,3.9875,80,19,1979
I2,3.9871794871794872,78,12,1981
F1,3.985611510791367,139,25,1982
C15,3.9855072463768115,69,7,2005
B18,3.9740259740259742,77,17,1980
C14,3.967479674796748,123,18,1980
B12,3.9646017699115044,113,12,2005
J3,3.962566844919786,187,10,1984
D12,3.9622641509433962,106,15,1980
F18,3.960698689956332,229,9,2005
E10,3.957983193277311,119,19,1980
C21,3.9545454545454546,110,25,1981
F19,3.953125,128,9,1981
B11,3.9495798319327733,119,14,1982
C14,3.9473684210526314,171,12,2020
J1,3.9420289855072466,69,11,2005
K10,3.935344827586207,232,13,2020
K8,3.9338842975206614,121,11,1979
K4,3.9310344827586206,116,11,2020
I10,3.9296875,128,19,1980
K12,3.9285714285714284,112,17,1981
D13,3.9212121212121214,165,13,2020
J10,3.9210526315789473,76,20,1981
I2,3.919642857142857,112,11,1980
B15,3.918918918918919,74,17,1982
F1,3.9178082191780823,146,25,1981
F1,3.909090909090909,77,14,2020
H2,3.9047619047619047,105,19,1979
F19,3.8962962962962964,135,7,1979
J16,3.8958333333333335,240,4,2005
B22,3.8944099378881987,161,20,1995
E22,3.891566265060241,83,5,1995
B11,3.888888888888889,126,15,1979
E18,3.886178861788618,123,9,1995
H6,3.883720930232558,129,14,2020
D13,3.883211678832117,137,11,1984
E10,3.874125874125874,143,21,1981
K11,3.872,125,11,1995
K12,3.871212121212121,264,14,1984
F19,3.869918699186992,123,9,1980
E5,3.8666666666666667,60,13,2020
K10,3.8627450980392157,102,9,1995
B1,3.8585858585858586,99,18,1984
K1,3.858267716535433,127,8,1987
H16,3.8531468531468533,143,8,2020
E18,3.8529411764705883,136,13,1979
D17,3.847826086956522,46,13,1979
L8,3.8473282442748094,131,7,1995
B3,3.8395061728395063,81,13,1979
H15,3.8333333333333335,72,11,2005
C14,3.831578947368421,95,14,1979
G11,3.8260869565217392,115,9,2005
K8,3.8214285714285716,112,11,1980
F18,3.816793893129771,131,16,1995
E15,3.8153846153846156,65,9,1979
J5,3.8149606299212597,254,14,1995
E17,3.8134328358208953,134,19,1980
K11,3.8125,240,13,1984
E22,3.807017543859649,114,6,2005
F19,3.806167400881057,227,17,1987
I11,3.803921568627451,153,15,1995
A1,3.803738317757009,107,17,1987
L7,3.7941176470588234,170,7,1995
B19,3.7901785714285716,224,15,1984
B8,3.79,100,15,1980
B14,3.7857142857142856,112,17,1979
B10,3.7837837837837838,111,11,2020
F1,3.783582089552239,134,12,1984
K3,3.7788461538461537,104,9,2020
I1,3.772727272727273,132,13,1995
F16,3.7636363636363637,110,13,1980
E15,3.7610619469026547,113,17,1982
D11,3.7567567567567566,74,11,2020
C13,3.753086419753086,162,15,2020
F20,3.753012048192771,166,6,2005
J12,3.748031496062992,127,16,1987
F16,3.7475728155339807,103,12,1979
L7,3.7475247524752477,202,15,1987
E22,3.745614035087719,114,6,1987
L5,3.731707317073171,82,14,1982
E18,3.729957805907173,237,15,1987
K12,3.7265625,128,17,1980
E21,3.7169811320754715,53,7,1995
B3,3.7157894736842105,95,14,1980
L3,3.7142857142857144,91,6,2005
B3,3.7126436781609193,87,15,1981
J2,3.711864406779661,59,7,1982
A19,3.7117117117117115,111,8,2020
H2,3.7007874015748032,127,20,1987
C14,3.69811320754717,106,18,1981
B4,3.6862745098039214,102,8,1995
E17,3.684684684684685,111,18,1995
B21,3.6814159292035398,113,10,1995
L4,3.6794871794871793,78,14,1982
K3,3.675438596491228,114,9,1987
C21,3.6742424242424243,132,23,1980
B19,3.6594202898550723,138,15,1980
E1,3.6557377049180326,61,14,1980
K10,3.6527777777777777,288,7,2005
E19,3.6470588235294117,85,2,2020
G19,3.640625,128,5,2020
A5,3.6363636363636362,88,7,1995
E10,3.6354166666666665,96,15,1982
K11,3.6262626262626263,99,18,1982
K9,3.625,128,11,2020
A23,3.6231884057971016,69,7,2005
A4,3.608695652173913,115,7,1995
K8,3.6083333333333334,120,14,1981
J1,3.602409638554217,83,13,1981
I1,3.5982142857142856,112,24,1981
G11,3.5945945945945947,74,14,1981
B22,3.588785046728972,107,15,1980
L5,3.5765765765765765,111,6,1984
L7,3.5641025641025643,195,11,1984
G1,3.5546218487394956,119,11,1984
B22,3.5531914893617023,188,7,2020
F12,3.542372881355932,59,8,2020
K3,3.5342465753424657,73,10,1995
G13,3.5308641975308643,162,9,1987
E5,3.5288461538461537,104,17,1995
J10,3.5174418604651163,172,20,1987
C23,3.5161290322580645,93,9,2020
B19,3.512396694214876,121,13,1979
H2,3.5074626865671643,134,18,1980
B18,3.5058823529411764,85,15,1979
J10,3.5051546391752577,97,11,1979
E9,3.5,48,4,2020
C14,3.4909090909090907,110,7,2005
L6,3.489051094890511,137,15,1979
B19,3.488372093023256,129,21,1982
B15,3.4879227053140096,207,11,1984
A4,3.484536082474227,194,7,2020
L3,3.4838709677419355,124,7,1995
I1,3.479338842975207,121,22,1980
E18,3.4792899408284024,169,13,1980
G11,3.4696969696969697,66,14,1980
B18,3.4693877551020407,98,17,1982
H4,3.466019417475728,103,14,1979
B24,3.463687150837989,179,17,1987
J10,3.463636363636364,110,17,1980
B8,3.4625,80,14,1979
B11,3.460122699386503,163,9,1984
B21,3.4555555555555557,90,8,2005
E19,3.4545454545454546,55,5,1982
B4,3.452830188679245,159,6,2005
F8,3.4493927125506074,247,13,1984
B22,3.4482758620689653,87,11,1979
L6,3.4482758620689653,145,15,1981
G12,3.4482758620689653,203,11,2005
H11,3.4482758620689653,145,14,2020
I2,3.442622950819672,61,5,1984
B15,3.4363636363636365,55,11,1981
I2,3.4358974358974357,39,8,2005
B6,3.435114503816794,131,12,2005
B18,3.4318181818181817,176,18,1984
E18,3.4310344827586206,174,13,1981
I12,3.4292929292929295,198,15,1987
A14,3.4285714285714284,105,9,1995
L6,3.4150943396226414,106,15,1982
F1,3.4132231404958677,121,23,1980
B11,3.411214953271028,107,8,2020
K9,3.4107142857142856,168,18,1980
A4,3.41,100,10,1981
D4,3.4056603773584904,106,9,2005
E17,3.4017857142857144,112,18,1982
B22,3.4,105,15,1982
K1,3.4,55,7,2005
B3,3.393939393939394,99,13,1982
J2,3.392405063291139,79,5,1979
B15,3.3876404494382024,178,8,2020
B14,3.383419689119171,193,8,2005
K10,3.3756345177664975,197,15,1987
E5,3.375,96,10,1979
H11,3.364864864864865,74,12,2005
J11,3.3559322033898304,177,19,1995
G19,3.355769230769231,104,10,2005
B17,3.3547008547008548,234,19,1984
B14,3.3532934131736525,167,11,1995
A22,3.35,120,11,1995
B1,3.3488372093023258,129,18,1987
G13,3.3452380952380953,84,12,1982
I15,3.344155844155844,154,9,2005
F10,3.3431952662721893,169,21,1987
F19,3.3422222222222224,225,14,1984
A4,3.341463414634146,82,9,1982
H10,3.340659340659341,91,14,1981
J2,3.3373493975903616,83,5,1980
C21,3.3304347826086955,115,19,1979
I15,3.33,200,9,2020
J1,3.327433628318584,113,8,1980
K2,3.327433628318584,113,6,1987
G1,3.323529411764706,68,19,1982
D20,3.3181818181818183,66,5,1995
G11,3.3157894736842106,57,8,2020
J11,3.314516129032258,124,12,1981
K9,3.3117647058823527,170,18,1981
L6,3.3112582781456954,151,15,1980
G13,3.3098591549295775,71,8,1981
K13,3.3073394495412844,218,9,2005
G13,3.3058823529411763,85,8,1979
D12,3.2896825396825395,252,11,2005
E19,3.287671232876712,73,5,1981
J9,3.2753623188405796,138,15,1980
B21,3.275261324041812,287,6,2020
L7,3.2711864406779663,59,16,1982
K12,3.2672413793103448,232,8,2005
I1,3.2649006622516556,151,21,1979
K9,3.264,125,10,1979
F1,3.255813953488372,172,22,1979
G1,3.2323232323232323,99,23,1981
A2,3.2254901960784315,102,12,1980
H10,3.2222222222222223,90,16,1982
B17,3.221105527638191,199,11,2020
I12,3.217391304347826,23,11,2020
H15,3.211267605633803,71,13,1982
F12,3.2095238095238097,105,9,1981
A12,3.202247191011236,178,9,1981
K17,3.202127659574468,94,7,2005
H2,3.1983471074380163,121,20,1981
J11,3.1904761904761907,105,10,1979
A12,3.1901840490797544,163,9,1980
L12,3.1818181818181817,11,5,2005
H20,3.1666666666666665,84,7,2020
J9,3.1578947368421053,190,17,1987
G1,3.156862745098039,102,17,1980
G15,3.1517857142857144,112,20,1980
E19,3.142857142857143,35,5,1995
K2,3.129032258064516,93,2,1984
G15,3.127450980392157,102,19,1981
J9,3.1194029850746268,134,18,1982
F12,3.1192660550458715,109,8,1979
G16,3.112676056338028,71,10,1979
B7,3.108695652173913,138,8,2020
B20,3.1059602649006623,151,18,1981
E5,3.1058823529411765,85,9,1984
H11,3.0972222222222223,144,15,1995
E18,3.090909090909091,132,13,1982
K2,3.0736842105263156,95,10,2020
G13,3.0681818181818183,176,8,2005
J11,3.0578512396694215,121,13,1980
B20,3.056603773584906,106,18,1982
L13,3.0555555555555554,18,3,1981
I2,3.054054054054054,111,7,1987
K9,3.0521739130434784,115,18,1982
A5,3.0443037974683542,158,7,2020
E15,3.04375,160,15,1981
I13,3.04,75,9,2020
B20,3.037878787878788,132,16,1980
B14,3.026666666666667,150,22,1982
I12,3.026315789473684,76,8,1979
A23,3.013333333333333,75,6,2020
G15,3,94,18,1979
F21,3,143,8,1982
G15,3,110,18,1982
B18,2.9940828402366866,169,14,2020
F18,2.988721804511278,266,19,1987
G21,2.985074626865672,67,6,2005
G11,2.9836065573770494,61,11,1979
G15,2.9833333333333334,180,16,1984
E20,2.9814814814814814,54,7,1995
K2,2.978723404255319,94,9,1995
J9,2.9741379310344827,116,16,1981
K7,2.96875,128,11,2020
I12,2.943396226415094,106,6,2005
I9,2.9363636363636365,110,11,1984
A11,2.9338235294117645,136,9,2005
E19,2.9272727272727272,55,5,1979
I12,2.9246231155778895,199,14,1984
A9,2.9195402298850577,174,7,2005
G16,2.9036144578313254,83,13,1981
L11,2.902439024390244,82,3,2005
A11,2.8823529411764706,34,4,2020
I14,2.8737864077669903,103,9,2020
A2,2.873134328358209,134,8,2005
D23,2.8705882352941177,85,8,2005
B22,2.8555555555555556,180,13,1984
G1,2.8450704225352115,71,19,1979
K9,2.8434343434343434,198,5,2005
K4,2.816793893129771,131,10,1984
L10,2.814814814814815,27,3,2005
A25,2.8125,128,7,1995
L7,2.8092105263157894,152,16,1980
H2,2.8092105263157894,152,21,1982
I1,2.808743169398907,183,27,1982
K1,2.802325581395349,86,14,1980
F fence,2.7976190476190474,84,6,2005
B20,2.794392523364486,107,16,1979
A2,2.783505154639175,194,10,1995
H13,2.7777777777777777,81,10,2020
G16,2.7662337662337664,77,11,1980
A9,2.7653061224489797,196,6,2020
F18,2.7635135135135136,148,8,2020
L9,2.761904761904762,63,5,1984
A7,2.760330578512397,242,10,1984
A2,2.754385964912281,171,9,1987
E15,2.7520661157024793,121,13,1980
H3,2.752,125,12,1980
E17,2.7459016393442623,122,12,2005
A23,2.745664739884393,173,8,1982
L4,2.735,200,8,1995
F18,2.731707317073171,123,12,1979
B21,2.7313432835820897,134,16,1981
H15,2.7252747252747254,91,15,1980
E22,2.7195121951219514,82,15,1982
H15,2.7191011235955056,89,15,1981
L6,2.715686274509804,204,11,1995
J15,2.7131782945736433,129,4,2005
B23,2.7115384615384617,104,15,1982
H15,2.7058823529411766,85,13,1979
J15,2.702020202020202,198,5,2020
L3,2.7010309278350517,97,6,1984
F21,2.7,60,7,1995
H1,2.690058479532164,171,9,1984
I9,2.687074829931973,147,12,1987
I15,2.6845238095238093,168,9,1995
A5,2.6735395189003435,291,15,1987
A3,2.661654135338346,266,14,1984
F20,2.6607142857142856,224,15,1984
J9,2.6486486486486487,111,12,1979
L9,2.646551724137931,116,8,1995
D8,2.644230769230769,104,12,2005
F18,2.636986301369863,146,14,1980
L11,2.633136094674556,169,7,1987
J12,2.6308724832214767,149,14,1984
J19,2.625,16,5,2005
L4,2.6176470588235294,68,6,2005
A2,2.616822429906542,214,6,1984
I12,2.6065573770491803,61,11,1981
L10,2.6027397260273974,73,12,1995
D19,2.6,100,3,2020
I13,2.5972222222222223,72,11,2005
L6,2.5969387755102042,196,15,1987
A12,2.590909090909091,132,10,1982
G13,2.578125,128,8,1980
D20,2.577777777777778,90,5,1984
B23,2.5725806451612905,124,10,2020
A22,2.5681818181818183,44,7,2005
E8,2.56,125,4,2020
A2,2.558139534883721,129,15,1981
B24,2.5392156862745097,204,5,2020
L4,2.537037037037037,54,8,1979
H13,2.5309734513274336,113,13,1984
A4,2.5271317829457365,129,9,1979
A11,2.5211267605633805,284,6,1984
H12,2.5157232704402515,159,12,1995
A8,2.515021459227468,233,7,1984
K10,2.5132743362831858,113,8,1984
H10,2.5,98,11,1979
A18,2.5,90,13,1995
A9,2.4953271028037385,107,9,1995
L4,2.4915254237288136,59,9,1981
K13,2.4901960784313726,102,20,1979
E18,2.488888888888889,180,11,2005
A22,2.4833333333333334,60,6,2020
B21,2.4796747967479673,123,18,1982
F13,2.4692307692307693,130,17,1987
J11,2.4676258992805757,139,15,1982
A24,2.4431818181818183,88,5,2020
J1,2.442105263157895,95,8,1979
L1,2.4414414414414414,111,5,2020
K1,2.4343434343434343,99,15,1979
F12,2.4318181818181817,132,8,1980
H13,2.4318181818181817,44,13,2005
E19,2.426605504587156,218,6,2005
A2,2.423076923076923,104,11,1979
L7,2.423076923076923,78,16,1981
A17,2.4152542372881354,118,16,1995
A4,2.4074074074074074,135,8,1980
A25,2.4051724137931036,116,10,2005
A2,2.3850931677018634,161,14,1982
I11,2.379679144385027,187,5,2005
L7,2.3608247422680413,97,14,1979
H10,2.3603603603603602,111,13,1980
G16,2.3536585365853657,82,15,1982
A7,2.349726775956284,183,11,1980
K11,2.347826086956522,161,11,2020
J12,2.345864661654135,133,9,1995
I14,2.3395061728395063,162,6,2005
K10,2.3214285714285716,140,14,1980
A10,2.3214285714285716,168,10,1987
A12,2.3203463203463204,231,11,2020
K8,2.308139534883721,172,8,2020
G16,2.3076923076923075,130,15,1984
I14,2.305699481865285,193,7,1995
F18,2.2857142857142856,140,15,1981
A4,2.2666666666666666,90,6,2005
H12,2.2637362637362637,91,12,2020
F19,2.261904761904762,84,9,1982
L5,2.2588235294117647,170,10,1987
K2,2.2535211267605635,71,5,2005
A3,2.238095238095238,126,16,1982
B22,2.237410071942446,139,6,2005
A7,2.235059760956175,251,15,1987
A5,2.232283464566929,254,11,2005
L1,2.230769230769231,91,14,1980
A3,2.2280701754385963,285,11,1987
G12,2.2244897959183674,98,7,2020
K10,2.2212389380530975,113,15,1982
J13,2.196629213483146,178,13,1995
B15,2.1894736842105265,95,8,1979
K8,2.1810699588477367,243,5,2005
B15,2.1794871794871793,117,11,1980
H15,2.1752577319587627,97,18,1995
A3,2.1690140845070425,71,11,1995
B1,2.15625,96,18,1982
A3,2.1386861313868613,137,12,1979
I12,2.1358024691358026,81,12,1982
H15,2.134502923976608,171,12,1987
K13,2.121495327102804,107,22,1981
E18,2.116788321167883,137,5,2020
I11,2.113821138211382,123,10,2020
A1,2.110344827586207,145,23,1981
B1,2.097826086956522,92,14,1980
A1,2.097560975609756,123,22,1982
H13,2.0948905109489053,137,15,1995
A8,2.0694444444444446,216,14,2005
H14,2.0641025641025643,78,17,1995
A11,2.0636363636363635,110,14,1979
L6,2.058139534883721,86,6,2005
A11,2.0578947368421052,190,14,1987
L1,2.057142857142857,140,10,1987
A23,2.0555555555555554,90,5,1995
A21,2.0555555555555554,36,6,2020
I13,2.0454545454545454,132,14,1995
F18,2.0431654676258995,139,13,1984
A23,2.037037037037037,135,6,1979
A11,2.02803738317757,107,15,1981
L10,2.0257731958762886,194,10,1987
A13,2.021276595744681,94,8,1979
H12,2.01980198019802,101,14,1979
J11,2.0157894736842104,190,11,1984
L8,2,65,9,1980
A7,2,150,7,1995
A14,2,33,5,2020
B14,1.9940119760479043,167,8,2020
L11,1.9864864864864864,148,5,2020
K13,1.9783783783783784,185,12,1987
K10,1.9745762711864407,118,13,1979
A9,1.9577464788732395,213,14,1987
B23,1.9540229885057472,87,13,1980
H8,1.9528301886792452,106,9,1987
A16,1.9473684210526316,171,9,1984
I9,1.9406779661016949,118,13,1979
A10,1.9310344827586208,58,12,1995
A14,1.9264705882352942,68,12,1987
I12,1.9147286821705427,129,7,1995
A1,1.912162162162162,148,18,1980
L8,1.91156462585034,147,12,1981
A17,1.9066666666666667,75,8,2005
A20,1.9065420560747663,107,6,2020
J1,1.903225806451613,124,7,1984
H11,1.8878048780487804,205,14,1984
F18,1.8818181818181818,110,15,1982
A23,1.8756476683937824,193,17,1987
K1,1.8734177215189873,79,7,1984
A3,1.8714285714285714,140,14,1980
A23,1.8581081081081081,148,7,1980
I14,1.857677902621723,267,12,1987
K1,1.8571428571428572,91,14,1982
K1,1.85,100,14,1995
A6,1.8461538461538463,130,17,1981
A16,1.8428571428571427,70,6,2020
B24,1.8333333333333333,192,18,1984
L8,1.8313953488372092,172,15,1987
I9,1.8285714285714285,105,17,1981
A16,1.8269230769230769,52,6,2005
H1,1.825,120,13,1987
B24,1.823076923076923,130,13,1982
A10,1.823008849557522,113,9,1981
H12,1.816568047337278,169,11,2005
A10,1.8055555555555556,216,9,1984
L6,1.8018867924528301,106,7,2020
A6,1.8,150,8,1984
I1,1.7857142857142858,126,14,1987
A6,1.7852348993288591,149,13,1980
H12,1.7796610169491525,118,13,1980
H15,1.7777777777777777,180,7,1984
H12,1.7710843373493976,83,14,1982
B24,1.7666666666666666,120,13,1979
A10,1.7653061224489797,98,12,2005
H1,1.7636363636363637,55,20,1981
K1,1.7625,80,16,1981
L3,1.7547169811320755,53,6,2020
A12,1.738532110091743,218,12,1987
A24,1.7383177570093458,214,10,1995
K10,1.7227722772277227,101,15,1981
A21,1.7128712871287128,101,17,1995
I9,1.7032967032967032,91,14,1982
L11,1.6981132075471699,53,8,1995
L11,1.6978417266187051,139,12,1982
B23,1.6923076923076923,104,7,2005
J12,1.68,25,7,2020
A11,1.6742424242424243,132,16,1982
K6,1.6695652173913043,115,11,2020
A25,1.6666666666666667,45,4,2020
H16,1.6634615384615385,104,14,1995
H16,1.6578947368421053,152,14,1981
B23,1.647887323943662,213,14,1995
J12,1.6403508771929824,114,9,2005
A13,1.6391752577319587,291,12,1987
H16,1.635135135135135,222,12,1987
L17,1.6323529411764706,68,6,2005
D20,1.631578947368421,95,2,2020
A6,1.6240601503759398,133,14,1979
B23,1.6193181818181819,176,12,1987
K13,1.6165413533834587,133,10,1995
L9,1.607361963190184,163,11,1987
L1,1.6049382716049383,162,16,1982
L1,1.6030534351145038,131,8,1984
L6,1.5889570552147239,163,14,1984
B24,1.5865921787709498,179,14,1981
L7,1.5806451612903225,31,8,2005
A5,1.5714285714285714,140,11,1980
B1,1.5700934579439252,107,20,1979
B21,1.552,125,15,1980
A5,1.5517241379310345,116,10,1979
A6,1.5512820512820513,156,17,1982
K13,1.5432098765432098,81,20,1980
A6,1.5419354838709678,155,13,1995
L2,1.5384615384615385,78,9,1987
A12,1.5384615384615385,78,13,1995
B24,1.5213675213675213,117,12,1980
H12,1.492063492063492,126,14,1981
A12,1.4870466321243523,193,11,1984
K11,1.4838709677419355,124,4,2005
B21,1.4745762711864407,118,14,1979
L12,1.4666666666666666,15,5,2020
A3,1.4576271186440677,177,15,1981
E22,1.4574468085106382,94,12,1980
E22,1.4567901234567902,81,8,1979
L10,1.4516129032258065,93,10,1984
I9,1.450381679389313,131,15,1980
B24,1.4475524475524475,143,9,2005
A15,1.443609022556391,133,14,1981
J13,1.4301675977653632,179,20,1984
L10,1.4285714285714286,49,8,2020
J1,1.4173228346456692,127,8,2020
L14,1.40625,32,8,2005
L2,1.4015151515151516,132,14,1980
A11,1.3953488372093024,86,13,1980
L2,1.380952380952381,105,14,1982
I15,1.3741007194244603,139,13,1987
A23,1.366120218579235,183,8,1981
A14,1.3650793650793651,126,16,1979
J13,1.3636363636363635,154,4,1987
A5,1.3629032258064515,124,4,1984
L8,1.3617021276595744,47,12,1982
A21,1.3571428571428572,28,4,2005
A5,1.3543307086614174,127,16,1981
L12,1.3435114503816794,131,7,1995
H12,1.3417721518987342,158,9,1984
L1,1.338235294117647,68,18,1981
L1,1.3191489361702127,94,8,1995
A14,1.3114754098360655,61,15,1981
H16,1.3015873015873016,126,8,1984
L13,1.3,30,9,2005
A13,1.2962962962962963,54,8,1995
L2,1.2897196261682242,107,6,1995
A10,1.2884615384615385,156,10,1982
H14,1.2795698924731183,93,15,1981
I1,1.2719298245614035,114,10,1984
A19,1.2708333333333333,240,9,1987
G20,1.2704081632653061,196,7,2005
A16,1.2647058823529411,102,18,1982
A15,1.2577319587628866,194,15,1987
L5,1.2560975609756098,164,16,1995
H1,1.2444444444444445,90,15,1980
A3,1.2424242424242424,33,11,2005
I13,1.2407407407407407,162,13,1984
A7,1.2396694214876034,121,15,1982
G13,1.2380952380952381,210,4,2020
A11,1.2191780821917808,146,7,1995
L12,1.2173913043478262,138,11,1981
J12,1.2125,80,15,1981
A15,1.2118644067796611,118,11,1980
A1,1.2,65,5,2020
J12,1.1794871794871795,78,16,1982
A7,1.1711711711711712,111,10,1979
L12,1.1688311688311688,231,13,1984
A10,1.1511627906976745,86,6,2020
I14,1.1428571428571428,147,17,1982
I13,1.1398963730569949,193,16,1987
A13,1.1369863013698631,73,7,1981
A5,1.1363636363636365,110,12,1982
A6,1.136094674556213,169,9,1987
F21,1.112033195020747,241,14,1987
A15,1.1111111111111112,90,8,1979
L2,1.1037735849056605,106,13,1979
K12,1.083916083916084,143,9,2020
A9,1.0810810810810811,111,6,1979
J12,1.0777777777777777,90,11,1979
L11,1.0761904761904761,105,11,1980
A15,1.0746887966804979,241,12,1984
L8,1.06,50,5,1979
A12,1.053191489361702,94,11,2005
A8,1.0518867924528301,212,16,1987
L2,1.0517241379310345,116,15,1981
L2,1.0454545454545454,66,11,2005
A22,1.03125,96,10,1981
L4,1.0289855072463767,138,7,2020
I14,1.0287769784172662,139,13,1981
L10,1.0285714285714285,140,16,1982
A15,1.0153846153846153,65,13,1982
A19,1.0141843971631206,141,6,2005
B23,1,128,11,1981
A8,1,145,5,1995
A6,1,95,10,2005
A9,0.9917355371900827,121,6,1980
A21,0.9915254237288136,118,11,1980
A18,0.989010989010989,273,14,1987
A1,0.9886363636363636,88,14,1979
H16,0.983739837398374,123,17,1982
I14,0.9801324503311258,151,12,1980
A8,0.975609756097561,41,4,2020
L7,0.9736842105263158,38,10,2020
B23,0.972972972972973,74,9,1979
L15,0.9719101123595506,178,4,2005
A22,0.9574468085106383,94,9,1979
H16,0.9565217391304348,115,14,1980
A20,0.9537037037037037,108,13,1979
H14,0.9418604651162791,86,14,1980
L9,0.940677966101695,118,12,1982
A22,0.9319727891156463,147,11,1982
A9,0.9272727272727272,110,7,1981
H11,0.9263803680981595,163,12,1987
A15,0.9215686274509803,51,5,2020
A14,0.9183673469387755,49,5,2005
L1,0.9090909090909091,66,12,1979
I13,0.9058823529411765,85,15,1982
A13,0.9047619047619048,126,8,2020
A9,0.9015151515151515,132,5,1984
A14,0.9006622516556292,151,19,1982
A17,0.898876404494382,178,9,1984
H11,0.8962264150943396,106,16,1982
A21,0.8943089430894309,123,9,1979
A7,0.89171974522293,157,12,1981
A22,0.8820224719101124,178,14,1987
A9,0.8709677419354839,124,7,1982
A22,0.8675496688741722,151,10,1984
L5,0.8529411764705882,34,7,2005
I14,0.8430493273542601,223,13,1984
A10,0.839622641509434,106,8,1980
H14,0.827027027027027,185,14,1984
H1,0.8235294117647058,85,11,1979
L10,0.8118811881188119,101,18,1981
J12,0.8037383177570093,107,12,1980
A18,0.7950310559006211,161,13,1984
A4,0.7945945945945946,185,12,1984
H14,0.793939393939394,165,11,1987
A7,0.7884615384615384,52,8,2005
A8,0.7829457364341085,129,15,1982
A13,0.775,120,8,1980
H16,0.7727272727272727,88,12,1979
L10,0.7692307692307693,130,17,1980
L9,0.7647058823529411,34,5,2005
I13,0.7641509433962265,106,13,1980
L12,0.7609756097560976,205,15,1987
A10,0.7575757575757576,99,8,1979
A8,0.7558139534883721,86,14,1979
A2,0.75,16,6,2020
L13,0.75,20,2,2020
L5,0.7452830188679245,106,7,2020
H12,0.7446808510638298,188,19,1987
A8,0.7391304347826086,115,14,1980
A15,0.7325581395348837,172,17,1995
A23,0.7261146496815286,157,4,1984
A19,0.7253886010362695,193,19,1984
A13,0.7241379310344828,174,10,1984
H14,0.7162162162162162,74,13,1979
H13,0.7121951219512195,205,11,1987
I15,0.7073170731707317,82,14,1981
J13,0.6973684210526315,76,17,1981
B23,0.6956521739130435,69,5,1984
A20,0.6923076923076923,130,14,1982
H1,0.6896551724137931,116,19,1982
L8,0.6779661016949152,59,4,1984
I14,0.6764705882352942,68,9,1979
A14,0.6608695652173913,115,16,1980
L2,0.6443298969072165,194,7,2020
I13,0.6436781609195402,87,17,1981
K13,0.6402439024390244,164,20,1982
A21,0.6225165562913907,151,15,1982
A6,0.6,5,2,2020
A13,0.5957446808510638,94,7,1982
A17,0.5909090909090909,88,13,1980
A19,0.5909090909090909,88,10,1981
L12,0.5796178343949044,157,12,1982
L13,0.5737704918032787,122,6,1995
I15,0.5730337078651685,89,12,1982
I15,0.5714285714285714,140,9,1984
L16,0.5714285714285714,105,10,2005
H14,0.5660377358490566,106,15,1982
H11,0.5636363636363636,110,16,1981
I15,0.5595238095238095,84,12,1980
A14,0.5583756345177665,197,10,1984
A16,0.5567010309278351,97,13,1980
A18,0.5535714285714286,112,10,1982
L8,0.55,80,7,2020
A7,0.5277777777777778,36,4,2020
A17,0.5238095238095238,63,10,2020
A16,0.518796992481203,133,16,1981
L13,0.5169491525423728,118,12,1984
L9,0.5,118,14,1981
A18,0.4878048780487805,82,6,1979
A17,0.4864864864864865,111,17,1982
H11,0.4782608695652174,69,11,1980
J13,0.45871559633027525,109,16,1980
A20,0.45038167938931295,262,15,1987
A21,0.4489795918367347,147,11,1981
A18,0.44144144144144143,111,8,1981
A8,0.43846153846153846,130,15,1981
L12,0.437125748502994,167,11,1980
A20,0.43670886075949367,158,14,1995
L12,0.43157894736842106,95,11,1979
A17,0.43010752688172044,93,10,1979
I15,0.4262295081967213,61,8,1979
J13,0.4152542372881356,118,18,1982
L11,0.4,115,11,1981
A24,0.4,30,7,2005
L9,0.39655172413793105,58,8,1979
L9,0.3939393939393939,165,5,2020
A19,0.39344262295081966,122,11,1982
A21,0.3876651982378855,227,9,1984
A17,0.37962962962962965,108,17,1981
L11,0.3684210526315789,57,7,1979
K13,0.3652173913043478,115,8,1984
A22,0.3645833333333333,96,10,1980
A13,0.3418803418803419,117,7,2005
L8,0.3384615384615385,65,9,2005
A18,0.32142857142857145,28,4,2020
A18,0.32051282051282054,78,6,1980
A19,0.3119266055045872,109,16,1995
A15,0.28169014084507044,71,4,2005
A16,0.2736842105263158,95,12,1979
A20,0.2602739726027397,73,11,1980
A25,0.25742574257425743,101,6,1982
L13,0.25217391304347825,115,5,1987
A19,0.25,108,10,1979
A19,0.23684210526315788,76,11,1980
A3,0.23255813953488372,43,8,2020
J13,0.22727272727272727,110,14,1979
A21,0.22580645161290322,217,12,1987
A20,0.21212121212121213,132,13,1981
H13,0.20588235294117646,102,11,1980
L9,0.20588235294117646,102,11,1980
H13,0.20535714285714285,112,13,1982
A20,0.2,5,3,2005
A16,0.18018018018018017,111,3,1995
I13,0.16216216216216217,74,9,1979
A20,0.14285714285714285,245,9,1984
A18,0.13636363636363635,66,7,2005
A25,0.13333333333333333,120,4,1980
A16,0.1232876712328767,146,7,1987
A17,0.11049723756906077,181,8,1987
H11,0.09900990099009901,101,8,1979
L18,0.09433962264150944,106,4,2005
A24,0.08403361344537816,119,6,1982
L10,0.07692307692307693,91,11,1979
A24,0.056818181818181816,88,5,1980
A24,0.051194539249146756,293,5,1984
A24,0.03409090909090909,88,3,1979
L13,0.019801980198019802,101,2,1979
A25,0.0182648401826484,219,8,1984
L13,0.018018018018018018,111,5,1982
L13,0.009900990099009901,101,3,1980
A25,0,103,3,1979
H13,0,92,7,1979
A24,0,102,4,1981
A25,0,130,5,1981
H13,0,92,7,1981
A24,0,100,5,1987
A25,0,143,5,1987
L1,0,62,7,2005
